{
    "mtx": [
        [
            795.9110144895765,
            0.0,
            980.470741479133
        ],
        [
            0.0,
            797.0479364700317,
            564.1794719427878
        ],
        [
            0.0,
            0.0,
            1.0
        ]
    ],
    "dist": [
        [
            -0.30916678051819174,
            0.10233282634424055,
            0.00021475190164353165,
            -0.0002794553355851973,
            -0.015241690652997112
        ]
    ]
}